"specie";"indiv";"stage";"comp";"lettre_bulk";"ind_bulk";"col_specie";"col_stage";"col_comp";"type";"comp2";"pch_comp";"pch_specie";"col_type";"pch_type";"spe_comp";"comp_stage";"pch_stage";"spe_stage";"spe_ind";"time";"col_spe_stage"
"Pa_1_S1_E";"Pa";"1";"S1";"E";NA;NA;"orange";"green";"purple";"domesticated";"E";"18";"15";"red";"19";"Pa_E";"E_S1";"17";"Pa_S1";"Pa_1";16;"orange"
"Pa_1_S1_R";"Pa";"1";"S1";"R";NA;NA;"orange";"green";"green";"domesticated";"R";"15";"15";"red";"19";"Pa_R";"R_S1";"17";"Pa_S1";"Pa_1";16;"orange"
"Pa_1_S1_Rp";"Pa";"1";"S1";"Rp";NA;NA;"orange";"green";"blue";"domesticated";"Rp";"17";"15";"red";"19";"Pa_Rp";"Rp_S1";"17";"Pa_S1";"Pa_1";16;"orange"
"Pa_10_S1_E";"Pa";"10";"S1";"E";NA;NA;"orange";"green";"purple";"domesticated";"E";"18";"15";"red";"19";"Pa_E";"E_S1";"17";"Pa_S1";"Pa_10";16;"orange"
"Pa_10_S1_R";"Pa";"10";"S1";"R";NA;NA;"orange";"green";"green";"domesticated";"R";"15";"15";"red";"19";"Pa_R";"R_S1";"17";"Pa_S1";"Pa_10";16;"orange"
"Pa_10_S1_Rp";"Pa";"10";"S1";"Rp";NA;NA;"orange";"green";"blue";"domesticated";"Rp";"17";"15";"red";"19";"Pa_Rp";"Rp_S1";"17";"Pa_S1";"Pa_10";16;"orange"
"Pa_12_S2_E";"Pa";"12";"S2";"E";NA;NA;"orange";"blue";"purple";"domesticated";"E";"18";"15";"red";"19";"Pa_E";"E_S2";"18";"Pa_S2";"Pa_12";31;"orange"
"Pa_12_S2_R";"Pa";"12";"S2";"R";NA;NA;"orange";"blue";"green";"domesticated";"R";"15";"15";"red";"19";"Pa_R";"R_S2";"18";"Pa_S2";"Pa_12";31;"orange"
"Pa_12_S2_Rp";"Pa";"12";"S2";"Rp";NA;NA;"orange";"blue";"blue";"domesticated";"Rp";"17";"15";"red";"19";"Pa_Rp";"Rp_S2";"18";"Pa_S2";"Pa_12";31;"orange"
"Pa_13_S2_E";"Pa";"13";"S2";"E";NA;NA;"orange";"blue";"purple";"domesticated";"E";"18";"15";"red";"19";"Pa_E";"E_S2";"18";"Pa_S2";"Pa_13";31;"orange"
"Pa_13_S2_R";"Pa";"13";"S2";"R";NA;NA;"orange";"blue";"green";"domesticated";"R";"15";"15";"red";"19";"Pa_R";"R_S2";"18";"Pa_S2";"Pa_13";31;"orange"
"Pa_13_S2_Rp";"Pa";"13";"S2";"Rp";NA;NA;"orange";"blue";"blue";"domesticated";"Rp";"17";"15";"red";"19";"Pa_Rp";"Rp_S2";"18";"Pa_S2";"Pa_13";31;"orange"
"Pa_14_S3_E";"Pa";"14";"S3";"E";NA;NA;"orange";"red";"purple";"domesticated";"E";"18";"15";"red";"19";"Pa_E";"E_S3";"19";"Pa_S3";"Pa_14";36;"orange"
"Pa_14_S3_R";"Pa";"14";"S3";"R";NA;NA;"orange";"red";"green";"domesticated";"R";"15";"15";"red";"19";"Pa_R";"R_S3";"19";"Pa_S3";"Pa_14";36;"orange"
"Pa_14_S3_Rp_1";"Pa";"14";"S3";"Rp";"1";NA;"orange";"red";"blue";"domesticated";"Rp";"17";"15";"red";"19";"Pa_Rp";"Rp_S3";"19";"Pa_S3";"Pa_14";36;"orange"
"Pa_15_S2_E";"Pa";"15";"S2";"E";NA;NA;"orange";"blue";"purple";"domesticated";"E";"18";"15";"red";"19";"Pa_E";"E_S2";"18";"Pa_S2";"Pa_15";31;"orange"
"Pa_15_S2_R";"Pa";"15";"S2";"R";NA;NA;"orange";"blue";"green";"domesticated";"R";"15";"15";"red";"19";"Pa_R";"R_S2";"18";"Pa_S2";"Pa_15";31;"orange"
"Pa_15_S2_Rp";"Pa";"15";"S2";"Rp";NA;NA;"orange";"blue";"blue";"domesticated";"Rp";"17";"15";"red";"19";"Pa_Rp";"Rp_S2";"18";"Pa_S2";"Pa_15";31;"orange"
"Pa_18_S1_E";"Pa";"18";"S1";"E";NA;NA;"orange";"green";"purple";"domesticated";"E";"18";"15";"red";"19";"Pa_E";"E_S1";"17";"Pa_S1";"Pa_18";16;"orange"
"Pa_18_S1_R";"Pa";"18";"S1";"R";NA;NA;"orange";"green";"green";"domesticated";"R";"15";"15";"red";"19";"Pa_R";"R_S1";"17";"Pa_S1";"Pa_18";16;"orange"
"Pa_18_S1_Rp";"Pa";"18";"S1";"Rp";NA;NA;"orange";"green";"blue";"domesticated";"Rp";"17";"15";"red";"19";"Pa_Rp";"Rp_S1";"17";"Pa_S1";"Pa_18";16;"orange"
"Pa_19_S1_E";"Pa";"19";"S1";"E";NA;NA;"orange";"green";"purple";"domesticated";"E";"18";"15";"red";"19";"Pa_E";"E_S1";"17";"Pa_S1";"Pa_19";16;"orange"
"Pa_19_S1_R";"Pa";"19";"S1";"R";NA;NA;"orange";"green";"green";"domesticated";"R";"15";"15";"red";"19";"Pa_R";"R_S1";"17";"Pa_S1";"Pa_19";16;"orange"
"Pa_19_S1_Rp";"Pa";"19";"S1";"Rp";NA;NA;"orange";"green";"blue";"domesticated";"Rp";"17";"15";"red";"19";"Pa_Rp";"Rp_S1";"17";"Pa_S1";"Pa_19";16;"orange"
"Pa_20_S2_E";"Pa";"20";"S2";"E";NA;NA;"orange";"blue";"purple";"domesticated";"E";"18";"15";"red";"19";"Pa_E";"E_S2";"18";"Pa_S2";"Pa_20";31;"orange"
"Pa_20_S2_R";"Pa";"20";"S2";"R";NA;NA;"orange";"blue";"green";"domesticated";"R";"15";"15";"red";"19";"Pa_R";"R_S2";"18";"Pa_S2";"Pa_20";31;"orange"
"Pa_20_S2_Rp";"Pa";"20";"S2";"Rp";NA;NA;"orange";"blue";"blue";"domesticated";"Rp";"17";"15";"red";"19";"Pa_Rp";"Rp_S2";"18";"Pa_S2";"Pa_20";31;"orange"
"Pa_21_S3_E";"Pa";"21";"S3";"E";NA;NA;"orange";"red";"purple";"domesticated";"E";"18";"15";"red";"19";"Pa_E";"E_S3";"19";"Pa_S3";"Pa_21";36;"orange"
"Pa_21_S3_R";"Pa";"21";"S3";"R";NA;NA;"orange";"red";"green";"domesticated";"R";"15";"15";"red";"19";"Pa_R";"R_S3";"19";"Pa_S3";"Pa_21";36;"orange"
"Pa_21_S3_Rp";"Pa";"21";"S3";"Rp";NA;NA;"orange";"red";"blue";"domesticated";"Rp";"17";"15";"red";"19";"Pa_Rp";"Rp_S3";"19";"Pa_S3";"Pa_21";36;"orange"
"Pa_22_S3_E";"Pa";"22";"S3";"E";NA;NA;"orange";"red";"purple";"domesticated";"E";"18";"15";"red";"19";"Pa_E";"E_S3";"19";"Pa_S3";"Pa_22";36;"orange"
"Pa_22_S3_Rp_1";"Pa";"22";"S3";"Rp";"1";NA;"orange";"red";"blue";"domesticated";"Rp";"17";"15";"red";"19";"Pa_Rp";"Rp_S3";"19";"Pa_S3";"Pa_22";36;"orange"
"Pa_23_S2_E";"Pa";"23";"S2";"E";NA;NA;"orange";"blue";"purple";"domesticated";"E";"18";"15";"red";"19";"Pa_E";"E_S2";"18";"Pa_S2";"Pa_23";31;"orange"
"Pa_23_S2_R";"Pa";"23";"S2";"R";NA;NA;"orange";"blue";"green";"domesticated";"R";"15";"15";"red";"19";"Pa_R";"R_S2";"18";"Pa_S2";"Pa_23";31;"orange"
"Pa_23_S2_Rp";"Pa";"23";"S2";"Rp";NA;NA;"orange";"blue";"blue";"domesticated";"Rp";"17";"15";"red";"19";"Pa_Rp";"Rp_S2";"18";"Pa_S2";"Pa_23";31;"orange"
"Pa_24_S1_E";"Pa";"24";"S1";"E";NA;NA;"orange";"green";"purple";"domesticated";"E";"18";"15";"red";"19";"Pa_E";"E_S1";"17";"Pa_S1";"Pa_24";16;"orange"
"Pa_24_S1_R";"Pa";"24";"S1";"R";NA;NA;"orange";"green";"green";"domesticated";"R";"15";"15";"red";"19";"Pa_R";"R_S1";"17";"Pa_S1";"Pa_24";16;"orange"
"Pa_24_S1_Rp";"Pa";"24";"S1";"Rp";NA;NA;"orange";"green";"blue";"domesticated";"Rp";"17";"15";"red";"19";"Pa_Rp";"Rp_S1";"17";"Pa_S1";"Pa_24";16;"orange"
"Pa_25_S2_E";"Pa";"25";"S2";"E";NA;NA;"orange";"blue";"purple";"domesticated";"E";"18";"15";"red";"19";"Pa_E";"E_S2";"18";"Pa_S2";"Pa_25";31;"orange"
"Pa_25_S2_R";"Pa";"25";"S2";"R";NA;NA;"orange";"blue";"green";"domesticated";"R";"15";"15";"red";"19";"Pa_R";"R_S2";"18";"Pa_S2";"Pa_25";31;"orange"
"Pa_25_S2_Rp";"Pa";"25";"S2";"Rp";NA;NA;"orange";"blue";"blue";"domesticated";"Rp";"17";"15";"red";"19";"Pa_Rp";"Rp_S2";"18";"Pa_S2";"Pa_25";31;"orange"
"Pa_27_S1_E";"Pa";"27";"S1";"E";NA;NA;"orange";"green";"purple";"domesticated";"E";"18";"15";"red";"19";"Pa_E";"E_S1";"17";"Pa_S1";"Pa_27";16;"orange"
"Pa_27_S1_R";"Pa";"27";"S1";"R";NA;NA;"orange";"green";"green";"domesticated";"R";"15";"15";"red";"19";"Pa_R";"R_S1";"17";"Pa_S1";"Pa_27";16;"orange"
"Pa_27_S1_Rp";"Pa";"27";"S1";"Rp";NA;NA;"orange";"green";"blue";"domesticated";"Rp";"17";"15";"red";"19";"Pa_Rp";"Rp_S1";"17";"Pa_S1";"Pa_27";16;"orange"
"Pa_29_S2_E";"Pa";"29";"S2";"E";NA;NA;"orange";"blue";"purple";"domesticated";"E";"18";"15";"red";"19";"Pa_E";"E_S2";"18";"Pa_S2";"Pa_29";31;"orange"
"Pa_29_S2_R";"Pa";"29";"S2";"R";NA;NA;"orange";"blue";"green";"domesticated";"R";"15";"15";"red";"19";"Pa_R";"R_S2";"18";"Pa_S2";"Pa_29";31;"orange"
"Pa_29_S2_Rp";"Pa";"29";"S2";"Rp";NA;NA;"orange";"blue";"blue";"domesticated";"Rp";"17";"15";"red";"19";"Pa_Rp";"Rp_S2";"18";"Pa_S2";"Pa_29";31;"orange"
"Pa_3_S1_E";"Pa";"3";"S1";"E";NA;NA;"orange";"green";"purple";"domesticated";"E";"18";"15";"red";"19";"Pa_E";"E_S1";"17";"Pa_S1";"Pa_3";16;"orange"
"Pa_3_S1_R";"Pa";"3";"S1";"R";NA;NA;"orange";"green";"green";"domesticated";"R";"15";"15";"red";"19";"Pa_R";"R_S1";"17";"Pa_S1";"Pa_3";16;"orange"
"Pa_3_S1_Rp";"Pa";"3";"S1";"Rp";NA;NA;"orange";"green";"blue";"domesticated";"Rp";"17";"15";"red";"19";"Pa_Rp";"Rp_S1";"17";"Pa_S1";"Pa_3";16;"orange"
"Pa_32_S2_E";"Pa";"32";"S2";"E";NA;NA;"orange";"blue";"purple";"domesticated";"E";"18";"15";"red";"19";"Pa_E";"E_S2";"18";"Pa_S2";"Pa_32";31;"orange"
"Pa_32_S2_R";"Pa";"32";"S2";"R";NA;NA;"orange";"blue";"green";"domesticated";"R";"15";"15";"red";"19";"Pa_R";"R_S2";"18";"Pa_S2";"Pa_32";31;"orange"
"Pa_32_S2_Rp";"Pa";"32";"S2";"Rp";NA;NA;"orange";"blue";"blue";"domesticated";"Rp";"17";"15";"red";"19";"Pa_Rp";"Rp_S2";"18";"Pa_S2";"Pa_32";31;"orange"
"Pa_33_S1_E";"Pa";"33";"S1";"E";NA;NA;"orange";"green";"purple";"domesticated";"E";"18";"15";"red";"19";"Pa_E";"E_S1";"17";"Pa_S1";"Pa_33";16;"orange"
"Pa_33_S1_R";"Pa";"33";"S1";"R";NA;NA;"orange";"green";"green";"domesticated";"R";"15";"15";"red";"19";"Pa_R";"R_S1";"17";"Pa_S1";"Pa_33";16;"orange"
"Pa_33_S1_Rp";"Pa";"33";"S1";"Rp";NA;NA;"orange";"green";"blue";"domesticated";"Rp";"17";"15";"red";"19";"Pa_Rp";"Rp_S1";"17";"Pa_S1";"Pa_33";16;"orange"
"Pa_35_S3_E";"Pa";"35";"S3";"E";NA;NA;"orange";"red";"purple";"domesticated";"E";"18";"15";"red";"19";"Pa_E";"E_S3";"19";"Pa_S3";"Pa_35";36;"orange"
"Pa_35_S3_R";"Pa";"35";"S3";"R";NA;NA;"orange";"red";"green";"domesticated";"R";"15";"15";"red";"19";"Pa_R";"R_S3";"19";"Pa_S3";"Pa_35";36;"orange"
"Pa_35_S3_Rp_1";"Pa";"35";"S3";"Rp";"1";NA;"orange";"red";"blue";"domesticated";"Rp";"17";"15";"red";"19";"Pa_Rp";"Rp_S3";"19";"Pa_S3";"Pa_35";36;"orange"
"Pa_4_S1_E";"Pa";"4";"S1";"E";NA;NA;"orange";"green";"purple";"domesticated";"E";"18";"15";"red";"19";"Pa_E";"E_S1";"17";"Pa_S1";"Pa_4";16;"orange"
"Pa_4_S1_R";"Pa";"4";"S1";"R";NA;NA;"orange";"green";"green";"domesticated";"R";"15";"15";"red";"19";"Pa_R";"R_S1";"17";"Pa_S1";"Pa_4";16;"orange"
"Pa_4_S1_Rp_2";"Pa";"4";"S1";"Rp";"2";NA;"orange";"green";"blue";"domesticated";"Rp";"17";"15";"red";"19";"Pa_Rp";"Rp_S1";"17";"Pa_S1";"Pa_4";16;"orange"
"Pa_6_S3_E";"Pa";"6";"S3";"E";NA;NA;"orange";"red";"purple";"domesticated";"E";"18";"15";"red";"19";"Pa_E";"E_S3";"19";"Pa_S3";"Pa_6";36;"orange"
"Pa_6_S3_R";"Pa";"6";"S3";"R";NA;NA;"orange";"red";"green";"domesticated";"R";"15";"15";"red";"19";"Pa_R";"R_S3";"19";"Pa_S3";"Pa_6";36;"orange"
"Pa_6_S3_Rp";"Pa";"6";"S3";"Rp";NA;NA;"orange";"red";"blue";"domesticated";"Rp";"17";"15";"red";"19";"Pa_Rp";"Rp_S3";"19";"Pa_S3";"Pa_6";36;"orange"
"Pa_7_S3_E";"Pa";"7";"S3";"E";NA;NA;"orange";"red";"purple";"domesticated";"E";"18";"15";"red";"19";"Pa_E";"E_S3";"19";"Pa_S3";"Pa_7";36;"orange"
"Pa_7_S3_R";"Pa";"7";"S3";"R";NA;NA;"orange";"red";"green";"domesticated";"R";"15";"15";"red";"19";"Pa_R";"R_S3";"19";"Pa_S3";"Pa_7";36;"orange"
"Pa_7_S3_Rp_1";"Pa";"7";"S3";"Rp";"1";NA;"orange";"red";"blue";"domesticated";"Rp";"17";"15";"red";"19";"Pa_Rp";"Rp_S3";"19";"Pa_S3";"Pa_7";36;"orange"
"Pa_8_S3_E";"Pa";"8";"S3";"E";NA;NA;"orange";"red";"purple";"domesticated";"E";"18";"15";"red";"19";"Pa_E";"E_S3";"19";"Pa_S3";"Pa_8";36;"orange"
"Pa_8_S3_Rp";"Pa";"8";"S3";"Rp";NA;NA;"orange";"red";"blue";"domesticated";"Rp";"17";"15";"red";"19";"Pa_Rp";"Rp_S3";"19";"Pa_S3";"Pa_8";36;"orange"
"Pa_9_S2_E";"Pa";"9";"S2";"E";NA;NA;"orange";"blue";"purple";"domesticated";"E";"18";"15";"red";"19";"Pa_E";"E_S2";"18";"Pa_S2";"Pa_9";31;"orange"
"Pa_9_S2_R";"Pa";"9";"S2";"R";NA;NA;"orange";"blue";"green";"domesticated";"R";"15";"15";"red";"19";"Pa_R";"R_S2";"18";"Pa_S2";"Pa_9";31;"orange"
"Pa_9_S2_Rp";"Pa";"9";"S2";"Rp";NA;NA;"orange";"blue";"blue";"domesticated";"Rp";"17";"15";"red";"19";"Pa_Rp";"Rp_S2";"18";"Pa_S2";"Pa_9";31;"orange"
"Pa_NA_S1_Bulk_A_1";"Pa";"NA";"S1";"Bulk";"A";"1";"orange";"green";"orange";"domesticated";"Bulk";"8";"15";"red";"19";"Pa_Bulk";"Bulk_S1";"17";"Pa_S1";"Pa_NA";NA;"orange"
"Pa_NA_S2_Bulk_A";"Pa";"NA";"S2";"Bulk";"A";NA;"orange";"blue";"orange";"domesticated";"Bulk";"8";"15";"red";"19";"Pa_Bulk";"Bulk_S2";"18";"Pa_S2";"Pa_NA";NA;"orange"
"Pa_NA_S3_Bulk_A";"Pa";"NA";"S3";"Bulk";"A";NA;"orange";"red";"orange";"domesticated";"Bulk";"8";"15";"red";"19";"Pa_Bulk";"Bulk_S3";"19";"Pa_S3";"Pa_NA";NA;"orange"
"Pa_NA_S0_Bulk_B";"Pa";"NA";"S0";"Bulk";"B";NA;"orange";"black";"orange";"domesticated";"Bulk";"8";"15";"red";"19";"Pa_Bulk";"Bulk_S0";"15";"Pa_S0";"Pa_NA";NA;NA
"Pa_NA_S2_Bulk_B";"Pa";"NA";"S2";"Bulk";"B";NA;"orange";"blue";"orange";"domesticated";"Bulk";"8";"15";"red";"19";"Pa_Bulk";"Bulk_S2";"18";"Pa_S2";"Pa_NA";NA;"orange"
"Pa_NA_S3_Bulk_B_1";"Pa";"NA";"S3";"Bulk";"B";"1";"orange";"red";"orange";"domesticated";"Bulk";"8";"15";"red";"19";"Pa_Bulk";"Bulk_S3";"19";"Pa_S3";"Pa_NA";NA;"orange"
"Pa_NA_S1_Bulk_A_2";"Pa";"NA";"S1";"Bulk";"A";"2";"orange";"green";"orange";"domesticated";"Bulk";"8";"15";"red";"19";"Pa_Bulk";"Bulk_S1";"17";"Pa_S1";"Pa_NA";NA;"orange"
"Pa_NA_S0_Bulk_A_2";"Pa";"NA";"S0";"Bulk";"A";"2";"orange";"black";"orange";"domesticated";"Bulk";"8";"15";"red";"19";"Pa_Bulk";"Bulk_S0";"15";"Pa_S0";"Pa_NA";NA;NA
"Pe_13_S1_E";"Pe";"13";"S1";"E";NA;NA;"salmon";"green";"purple";"wild";"E";"18";"19";"blue";"15";"Pe_E";"E_S1";"17";"Pe_S1";"Pe_13";20;"salmon"
"Pe_13_S1_R_2";"Pe";"13";"S1";"R";"2";NA;"salmon";"green";"green";"wild";"R";"15";"19";"blue";"15";"Pe_R";"R_S1";"17";"Pe_S1";"Pe_13";20;"salmon"
"Pe_13_S1_Rp";"Pe";"13";"S1";"Rp";NA;NA;"salmon";"green";"blue";"wild";"Rp";"17";"19";"blue";"15";"Pe_Rp";"Rp_S1";"17";"Pe_S1";"Pe_13";20;"salmon"
"Pe_16_S2_R";"Pe";"16";"S2";"R";NA;NA;"salmon";"blue";"green";"wild";"R";"15";"19";"blue";"15";"Pe_R";"R_S2";"18";"Pe_S2";"Pe_16";56;"salmon"
"Pe_16_S2_Rp";"Pe";"16";"S2";"Rp";NA;NA;"salmon";"blue";"blue";"wild";"Rp";"17";"19";"blue";"15";"Pe_Rp";"Rp_S2";"18";"Pe_S2";"Pe_16";56;"salmon"
"Pe_19_S1_E";"Pe";"19";"S1";"E";NA;NA;"salmon";"green";"purple";"wild";"E";"18";"19";"blue";"15";"Pe_E";"E_S1";"17";"Pe_S1";"Pe_19";20;"salmon"
"Pe_19_S1_R";"Pe";"19";"S1";"R";NA;NA;"salmon";"green";"green";"wild";"R";"15";"19";"blue";"15";"Pe_R";"R_S1";"17";"Pe_S1";"Pe_19";20;"salmon"
"Pe_19_S1_Rp";"Pe";"19";"S1";"Rp";NA;NA;"salmon";"green";"blue";"wild";"Rp";"17";"19";"blue";"15";"Pe_Rp";"Rp_S1";"17";"Pe_S1";"Pe_19";20;"salmon"
"Pe_2_S3_E";"Pe";"2";"S3";"E";NA;NA;"salmon";"red";"purple";"wild";"E";"18";"19";"blue";"15";"Pe_E";"E_S3";"19";"Pe_S3";"Pe_2";64;"salmon"
"Pe_2_S3_R";"Pe";"2";"S3";"R";NA;NA;"salmon";"red";"green";"wild";"R";"15";"19";"blue";"15";"Pe_R";"R_S3";"19";"Pe_S3";"Pe_2";64;"salmon"
"Pe_2_S3_Rp_1";"Pe";"2";"S3";"Rp";"1";NA;"salmon";"red";"blue";"wild";"Rp";"17";"19";"blue";"15";"Pe_Rp";"Rp_S3";"19";"Pe_S3";"Pe_2";64;"salmon"
"Pe_20_S2_E";"Pe";"20";"S2";"E";NA;NA;"salmon";"blue";"purple";"wild";"E";"18";"19";"blue";"15";"Pe_E";"E_S2";"18";"Pe_S2";"Pe_20";56;"salmon"
"Pe_20_S2_R";"Pe";"20";"S2";"R";NA;NA;"salmon";"blue";"green";"wild";"R";"15";"19";"blue";"15";"Pe_R";"R_S2";"18";"Pe_S2";"Pe_20";56;"salmon"
"Pe_20_S2_Rp";"Pe";"20";"S2";"Rp";NA;NA;"salmon";"blue";"blue";"wild";"Rp";"17";"19";"blue";"15";"Pe_Rp";"Rp_S2";"18";"Pe_S2";"Pe_20";56;"salmon"
"Pe_23_S3_E";"Pe";"23";"S3";"E";NA;NA;"salmon";"red";"purple";"wild";"E";"18";"19";"blue";"15";"Pe_E";"E_S3";"19";"Pe_S3";"Pe_23";64;"salmon"
"Pe_23_S3_R";"Pe";"23";"S3";"R";NA;NA;"salmon";"red";"green";"wild";"R";"15";"19";"blue";"15";"Pe_R";"R_S3";"19";"Pe_S3";"Pe_23";64;"salmon"
"Pe_23_S3_Rp_1";"Pe";"23";"S3";"Rp";"1";NA;"salmon";"red";"blue";"wild";"Rp";"17";"19";"blue";"15";"Pe_Rp";"Rp_S3";"19";"Pe_S3";"Pe_23";64;"salmon"
"Pe_25_S1_E";"Pe";"25";"S1";"E";NA;NA;"salmon";"green";"purple";"wild";"E";"18";"19";"blue";"15";"Pe_E";"E_S1";"17";"Pe_S1";"Pe_25";20;"salmon"
"Pe_25_S1_R";"Pe";"25";"S1";"R";NA;NA;"salmon";"green";"green";"wild";"R";"15";"19";"blue";"15";"Pe_R";"R_S1";"17";"Pe_S1";"Pe_25";20;"salmon"
"Pe_25_S1_Rp";"Pe";"25";"S1";"Rp";NA;NA;"salmon";"green";"blue";"wild";"Rp";"17";"19";"blue";"15";"Pe_Rp";"Rp_S1";"17";"Pe_S1";"Pe_25";20;"salmon"
"Pe_27_S2_E";"Pe";"27";"S2";"E";NA;NA;"salmon";"blue";"purple";"wild";"E";"18";"19";"blue";"15";"Pe_E";"E_S2";"18";"Pe_S2";"Pe_27";56;"salmon"
"Pe_27_S2_R";"Pe";"27";"S2";"R";NA;NA;"salmon";"blue";"green";"wild";"R";"15";"19";"blue";"15";"Pe_R";"R_S2";"18";"Pe_S2";"Pe_27";56;"salmon"
"Pe_3_S3_E";"Pe";"3";"S3";"E";NA;NA;"salmon";"red";"purple";"wild";"E";"18";"19";"blue";"15";"Pe_E";"E_S3";"19";"Pe_S3";"Pe_3";64;"salmon"
"Pe_3_S3_R";"Pe";"3";"S3";"R";NA;NA;"salmon";"red";"green";"wild";"R";"15";"19";"blue";"15";"Pe_R";"R_S3";"19";"Pe_S3";"Pe_3";64;"salmon"
"Pe_3_S3_Rp";"Pe";"3";"S3";"Rp";NA;NA;"salmon";"red";"blue";"wild";"Rp";"17";"19";"blue";"15";"Pe_Rp";"Rp_S3";"19";"Pe_S3";"Pe_3";64;"salmon"
"Pe_32_S1_E";"Pe";"32";"S1";"E";NA;NA;"salmon";"green";"purple";"wild";"E";"18";"19";"blue";"15";"Pe_E";"E_S1";"17";"Pe_S1";"Pe_32";20;"salmon"
"Pe_32_S1_R";"Pe";"32";"S1";"R";NA;NA;"salmon";"green";"green";"wild";"R";"15";"19";"blue";"15";"Pe_R";"R_S1";"17";"Pe_S1";"Pe_32";20;"salmon"
"Pe_32_S1_Rp";"Pe";"32";"S1";"Rp";NA;NA;"salmon";"green";"blue";"wild";"Rp";"17";"19";"blue";"15";"Pe_Rp";"Rp_S1";"17";"Pe_S1";"Pe_32";20;"salmon"
"Pe_33_S3_E";"Pe";"33";"S3";"E";NA;NA;"salmon";"red";"purple";"wild";"E";"18";"19";"blue";"15";"Pe_E";"E_S3";"19";"Pe_S3";"Pe_33";64;"salmon"
"Pe_33_S3_R";"Pe";"33";"S3";"R";NA;NA;"salmon";"red";"green";"wild";"R";"15";"19";"blue";"15";"Pe_R";"R_S3";"19";"Pe_S3";"Pe_33";64;"salmon"
"Pe_33_S3_Rp";"Pe";"33";"S3";"Rp";NA;NA;"salmon";"red";"blue";"wild";"Rp";"17";"19";"blue";"15";"Pe_Rp";"Rp_S3";"19";"Pe_S3";"Pe_33";64;"salmon"
"Pe_36_S2_E";"Pe";"36";"S2";"E";NA;NA;"salmon";"blue";"purple";"wild";"E";"18";"19";"blue";"15";"Pe_E";"E_S2";"18";"Pe_S2";"Pe_36";56;"salmon"
"Pe_36_S2_R";"Pe";"36";"S2";"R";NA;NA;"salmon";"blue";"green";"wild";"R";"15";"19";"blue";"15";"Pe_R";"R_S2";"18";"Pe_S2";"Pe_36";56;"salmon"
"Pe_36_S2_Rp";"Pe";"36";"S2";"Rp";NA;NA;"salmon";"blue";"blue";"wild";"Rp";"17";"19";"blue";"15";"Pe_Rp";"Rp_S2";"18";"Pe_S2";"Pe_36";56;"salmon"
"Pe_4_S2_E";"Pe";"4";"S2";"E";NA;NA;"salmon";"blue";"purple";"wild";"E";"18";"19";"blue";"15";"Pe_E";"E_S2";"18";"Pe_S2";"Pe_4";56;"salmon"
"Pe_4_S2_R";"Pe";"4";"S2";"R";NA;NA;"salmon";"blue";"green";"wild";"R";"15";"19";"blue";"15";"Pe_R";"R_S2";"18";"Pe_S2";"Pe_4";56;"salmon"
"Pe_4_S2_Rp";"Pe";"4";"S2";"Rp";NA;NA;"salmon";"blue";"blue";"wild";"Rp";"17";"19";"blue";"15";"Pe_Rp";"Rp_S2";"18";"Pe_S2";"Pe_4";56;"salmon"
"Pe_5_S1_E";"Pe";"5";"S1";"E";NA;NA;"salmon";"green";"purple";"wild";"E";"18";"19";"blue";"15";"Pe_E";"E_S1";"17";"Pe_S1";"Pe_5";20;"salmon"
"Pe_5_S1_R";"Pe";"5";"S1";"R";NA;NA;"salmon";"green";"green";"wild";"R";"15";"19";"blue";"15";"Pe_R";"R_S1";"17";"Pe_S1";"Pe_5";20;"salmon"
"Pe_5_S1_Rp";"Pe";"5";"S1";"Rp";NA;NA;"salmon";"green";"blue";"wild";"Rp";"17";"19";"blue";"15";"Pe_Rp";"Rp_S1";"17";"Pe_S1";"Pe_5";20;"salmon"
"Pe_NA_S1_Bulk_A";"Pe";"NA";"S1";"Bulk";"A";NA;"salmon";"green";"orange";"wild";"Bulk";"8";"19";"blue";"15";"Pe_Bulk";"Bulk_S1";"17";"Pe_S1";"Pe_NA";NA;"salmon"
"Pe_NA_S2_Bulk_A";"Pe";"NA";"S2";"Bulk";"A";NA;"salmon";"blue";"orange";"wild";"Bulk";"8";"19";"blue";"15";"Pe_Bulk";"Bulk_S2";"18";"Pe_S2";"Pe_NA";NA;"salmon"
"Pe_NA_S2_Bulk_B";"Pe";"NA";"S2";"Bulk";"B";NA;"salmon";"blue";"orange";"wild";"Bulk";"8";"19";"blue";"15";"Pe_Bulk";"Bulk_S2";"18";"Pe_S2";"Pe_NA";NA;"salmon"
"Pe_NA_S1_Bulk_B";"Pe";"NA";"S1";"Bulk";"B";NA;"salmon";"green";"orange";"wild";"Bulk";"8";"19";"blue";"15";"Pe_Bulk";"Bulk_S1";"17";"Pe_S1";"Pe_NA";NA;"salmon"
"Pe_NA_S3_Bulk_A_2";"Pe";"NA";"S3";"Bulk";"A";"2";"salmon";"red";"orange";"wild";"Bulk";"8";"19";"blue";"15";"Pe_Bulk";"Bulk_S3";"19";"Pe_S3";"Pe_NA";NA;"salmon"
"Pe_NA_S3_Bulk_B_2";"Pe";"NA";"S3";"Bulk";"B";"2";"salmon";"red";"orange";"wild";"Bulk";"8";"19";"blue";"15";"Pe_Bulk";"Bulk_S3";"19";"Pe_S3";"Pe_NA";NA;"salmon"
"Pe_NA_S0_Bulk_A_2";"Pe";"NA";"S0";"Bulk";"A";"2";"salmon";"black";"orange";"wild";"Bulk";"8";"19";"blue";"15";"Pe_Bulk";"Bulk_S0";"15";"Pe_S0";"Pe_NA";NA;NA
"Pe_NA_S0_Bulk_B_2";"Pe";"NA";"S0";"Bulk";"B";"2";"salmon";"black";"orange";"wild";"Bulk";"8";"19";"blue";"15";"Pe_Bulk";"Bulk_S0";"15";"Pe_S0";"Pe_NA";NA;NA
"Pf_10_S2_E";"Pf";"10";"S2";"E";NA;NA;"gold";"blue";"purple";"wild";"E";"18";"18";"blue";"15";"Pf_E";"E_S2";"18";"Pf_S2";"Pf_10";38;"gold"
"Pf_10_S2_R";"Pf";"10";"S2";"R";NA;NA;"gold";"blue";"green";"wild";"R";"15";"18";"blue";"15";"Pf_R";"R_S2";"18";"Pf_S2";"Pf_10";38;"gold"
"Pf_10_S2_Rp";"Pf";"10";"S2";"Rp";NA;NA;"gold";"blue";"blue";"wild";"Rp";"17";"18";"blue";"15";"Pf_Rp";"Rp_S2";"18";"Pf_S2";"Pf_10";38;"gold"
"Pf_13_S2_E";"Pf";"13";"S2";"E";NA;NA;"gold";"blue";"purple";"wild";"E";"18";"18";"blue";"15";"Pf_E";"E_S2";"18";"Pf_S2";"Pf_13";38;"gold"
"Pf_13_S2_R";"Pf";"13";"S2";"R";NA;NA;"gold";"blue";"green";"wild";"R";"15";"18";"blue";"15";"Pf_R";"R_S2";"18";"Pf_S2";"Pf_13";38;"gold"
"Pf_13_S2_Rp";"Pf";"13";"S2";"Rp";NA;NA;"gold";"blue";"blue";"wild";"Rp";"17";"18";"blue";"15";"Pf_Rp";"Rp_S2";"18";"Pf_S2";"Pf_13";38;"gold"
"Pf_15_S3_E";"Pf";"15";"S3";"E";NA;NA;"gold";"red";"purple";"wild";"E";"18";"18";"blue";"15";"Pf_E";"E_S3";"19";"Pf_S3";"Pf_15";49;"gold"
"Pf_15_S3_R";"Pf";"15";"S3";"R";NA;NA;"gold";"red";"green";"wild";"R";"15";"18";"blue";"15";"Pf_R";"R_S3";"19";"Pf_S3";"Pf_15";49;"gold"
"Pf_15_S3_Rp_1";"Pf";"15";"S3";"Rp";"1";NA;"gold";"red";"blue";"wild";"Rp";"17";"18";"blue";"15";"Pf_Rp";"Rp_S3";"19";"Pf_S3";"Pf_15";49;"gold"
"Pf_18_S1_E_2";"Pf";"18";"S1";"E";"2";NA;"gold";"green";"purple";"wild";"E";"18";"18";"blue";"15";"Pf_E";"E_S1";"17";"Pf_S1";"Pf_18";20;"gold"
"Pf_18_S1_R";"Pf";"18";"S1";"R";NA;NA;"gold";"green";"green";"wild";"R";"15";"18";"blue";"15";"Pf_R";"R_S1";"17";"Pf_S1";"Pf_18";20;"gold"
"Pf_18_S1_Rp";"Pf";"18";"S1";"Rp";NA;NA;"gold";"green";"blue";"wild";"Rp";"17";"18";"blue";"15";"Pf_Rp";"Rp_S1";"17";"Pf_S1";"Pf_18";20;"gold"
"Pf_19_S1_E";"Pf";"19";"S1";"E";NA;NA;"gold";"green";"purple";"wild";"E";"18";"18";"blue";"15";"Pf_E";"E_S1";"17";"Pf_S1";"Pf_19";20;"gold"
"Pf_19_S1_R";"Pf";"19";"S1";"R";NA;NA;"gold";"green";"green";"wild";"R";"15";"18";"blue";"15";"Pf_R";"R_S1";"17";"Pf_S1";"Pf_19";20;"gold"
"Pf_19_S1_Rp";"Pf";"19";"S1";"Rp";NA;NA;"gold";"green";"blue";"wild";"Rp";"17";"18";"blue";"15";"Pf_Rp";"Rp_S1";"17";"Pf_S1";"Pf_19";20;"gold"
"Pf_21_S1_E";"Pf";"21";"S1";"E";NA;NA;"gold";"green";"purple";"wild";"E";"18";"18";"blue";"15";"Pf_E";"E_S1";"17";"Pf_S1";"Pf_21";20;"gold"
"Pf_21_S1_R";"Pf";"21";"S1";"R";NA;NA;"gold";"green";"green";"wild";"R";"15";"18";"blue";"15";"Pf_R";"R_S1";"17";"Pf_S1";"Pf_21";20;"gold"
"Pf_21_S1_Rp";"Pf";"21";"S1";"Rp";NA;NA;"gold";"green";"blue";"wild";"Rp";"17";"18";"blue";"15";"Pf_Rp";"Rp_S1";"17";"Pf_S1";"Pf_21";20;"gold"
"Pf_24_S2_E";"Pf";"24";"S2";"E";NA;NA;"gold";"blue";"purple";"wild";"E";"18";"18";"blue";"15";"Pf_E";"E_S2";"18";"Pf_S2";"Pf_24";38;"gold"
"Pf_24_S2_R";"Pf";"24";"S2";"R";NA;NA;"gold";"blue";"green";"wild";"R";"15";"18";"blue";"15";"Pf_R";"R_S2";"18";"Pf_S2";"Pf_24";38;"gold"
"Pf_24_S2_Rp";"Pf";"24";"S2";"Rp";NA;NA;"gold";"blue";"blue";"wild";"Rp";"17";"18";"blue";"15";"Pf_Rp";"Rp_S2";"18";"Pf_S2";"Pf_24";38;"gold"
"Pf_26_S2_E";"Pf";"26";"S2";"E";NA;NA;"gold";"blue";"purple";"wild";"E";"18";"18";"blue";"15";"Pf_E";"E_S2";"18";"Pf_S2";"Pf_26";38;"gold"
"Pf_26_S2_R";"Pf";"26";"S2";"R";NA;NA;"gold";"blue";"green";"wild";"R";"15";"18";"blue";"15";"Pf_R";"R_S2";"18";"Pf_S2";"Pf_26";38;"gold"
"Pf_26_S2_Rp";"Pf";"26";"S2";"Rp";NA;NA;"gold";"blue";"blue";"wild";"Rp";"17";"18";"blue";"15";"Pf_Rp";"Rp_S2";"18";"Pf_S2";"Pf_26";38;"gold"
"Pf_27_S3_E";"Pf";"27";"S3";"E";NA;NA;"gold";"red";"purple";"wild";"E";"18";"18";"blue";"15";"Pf_E";"E_S3";"19";"Pf_S3";"Pf_27";49;"gold"
"Pf_27_S3_R";"Pf";"27";"S3";"R";NA;NA;"gold";"red";"green";"wild";"R";"15";"18";"blue";"15";"Pf_R";"R_S3";"19";"Pf_S3";"Pf_27";49;"gold"
"Pf_27_S3_Rp_1";"Pf";"27";"S3";"Rp";"1";NA;"gold";"red";"blue";"wild";"Rp";"17";"18";"blue";"15";"Pf_Rp";"Rp_S3";"19";"Pf_S3";"Pf_27";49;"gold"
"Pf_30_S2_E";"Pf";"30";"S2";"E";NA;NA;"gold";"blue";"purple";"wild";"E";"18";"18";"blue";"15";"Pf_E";"E_S2";"18";"Pf_S2";"Pf_30";38;"gold"
"Pf_30_S2_R";"Pf";"30";"S2";"R";NA;NA;"gold";"blue";"green";"wild";"R";"15";"18";"blue";"15";"Pf_R";"R_S2";"18";"Pf_S2";"Pf_30";38;"gold"
"Pf_30_S2_Rp";"Pf";"30";"S2";"Rp";NA;NA;"gold";"blue";"blue";"wild";"Rp";"17";"18";"blue";"15";"Pf_Rp";"Rp_S2";"18";"Pf_S2";"Pf_30";38;"gold"
"Pf_32_S1_E";"Pf";"32";"S1";"E";NA;NA;"gold";"green";"purple";"wild";"E";"18";"18";"blue";"15";"Pf_E";"E_S1";"17";"Pf_S1";"Pf_32";20;"gold"
"Pf_32_S1_R";"Pf";"32";"S1";"R";NA;NA;"gold";"green";"green";"wild";"R";"15";"18";"blue";"15";"Pf_R";"R_S1";"17";"Pf_S1";"Pf_32";20;"gold"
"Pf_32_S1_Rp";"Pf";"32";"S1";"Rp";NA;NA;"gold";"green";"blue";"wild";"Rp";"17";"18";"blue";"15";"Pf_Rp";"Rp_S1";"17";"Pf_S1";"Pf_32";20;"gold"
"Pf_34_S1_E";"Pf";"34";"S1";"E";NA;NA;"gold";"green";"purple";"wild";"E";"18";"18";"blue";"15";"Pf_E";"E_S1";"17";"Pf_S1";"Pf_34";20;"gold"
"Pf_34_S1_R_2";"Pf";"34";"S1";"R";"2";NA;"gold";"green";"green";"wild";"R";"15";"18";"blue";"15";"Pf_R";"R_S1";"17";"Pf_S1";"Pf_34";20;"gold"
"Pf_34_S1_Rp";"Pf";"34";"S1";"Rp";NA;NA;"gold";"green";"blue";"wild";"Rp";"17";"18";"blue";"15";"Pf_Rp";"Rp_S1";"17";"Pf_S1";"Pf_34";20;"gold"
"Pf_35_S3_E";"Pf";"35";"S3";"E";NA;NA;"gold";"red";"purple";"wild";"E";"18";"18";"blue";"15";"Pf_E";"E_S3";"19";"Pf_S3";"Pf_35";49;"gold"
"Pf_35_S3_R";"Pf";"35";"S3";"R";NA;NA;"gold";"red";"green";"wild";"R";"15";"18";"blue";"15";"Pf_R";"R_S3";"19";"Pf_S3";"Pf_35";49;"gold"
"Pf_35_S3_Rp";"Pf";"35";"S3";"Rp";NA;NA;"gold";"red";"blue";"wild";"Rp";"17";"18";"blue";"15";"Pf_Rp";"Rp_S3";"19";"Pf_S3";"Pf_35";49;"gold"
"Pf_4_S3_E";"Pf";"4";"S3";"E";NA;NA;"gold";"red";"purple";"wild";"E";"18";"18";"blue";"15";"Pf_E";"E_S3";"19";"Pf_S3";"Pf_4";49;"gold"
"Pf_4_S3_R";"Pf";"4";"S3";"R";NA;NA;"gold";"red";"green";"wild";"R";"15";"18";"blue";"15";"Pf_R";"R_S3";"19";"Pf_S3";"Pf_4";49;"gold"
"Pf_4_S3_Rp_1";"Pf";"4";"S3";"Rp";"1";NA;"gold";"red";"blue";"wild";"Rp";"17";"18";"blue";"15";"Pf_Rp";"Rp_S3";"19";"Pf_S3";"Pf_4";49;"gold"
"Pf_NA_S2_Bulk_A";"Pf";"NA";"S2";"Bulk";"A";NA;"gold";"blue";"orange";"wild";"Bulk";"8";"18";"blue";"15";"Pf_Bulk";"Bulk_S2";"18";"Pf_S2";"Pf_NA";NA;"gold"
"Pf_NA_S1_Bulk_B_2";"Pf";"NA";"S1";"Bulk";"B";"2";"gold";"green";"orange";"wild";"Bulk";"8";"18";"blue";"15";"Pf_Bulk";"Bulk_S1";"17";"Pf_S1";"Pf_NA";NA;"gold"
"Pf_NA_S2_Bulk_B";"Pf";"NA";"S2";"Bulk";"B";NA;"gold";"blue";"orange";"wild";"Bulk";"8";"18";"blue";"15";"Pf_Bulk";"Bulk_S2";"18";"Pf_S2";"Pf_NA";NA;"gold"
"Pf_NA_S1_Bulk_A_2";"Pf";"NA";"S1";"Bulk";"A";"2";"gold";"green";"orange";"wild";"Bulk";"8";"18";"blue";"15";"Pf_Bulk";"Bulk_S1";"17";"Pf_S1";"Pf_NA";NA;"gold"
"Pf_NA_S3_Bulk_A_2";"Pf";"NA";"S3";"Bulk";"A";"2";"gold";"red";"orange";"wild";"Bulk";"8";"18";"blue";"15";"Pf_Bulk";"Bulk_S3";"19";"Pf_S3";"Pf_NA";NA;"gold"
"Pf_NA_S3_Bulk_B_2";"Pf";"NA";"S3";"Bulk";"B";"2";"gold";"red";"orange";"wild";"Bulk";"8";"18";"blue";"15";"Pf_Bulk";"Bulk_S3";"19";"Pf_S3";"Pf_NA";NA;"gold"
"Pf_NA_S0_Bulk_A_2";"Pf";"NA";"S0";"Bulk";"A";"2";"gold";"black";"orange";"wild";"Bulk";"8";"18";"blue";"15";"Pf_Bulk";"Bulk_S0";"15";"Pf_S0";"Pf_NA";NA;NA
"Pf_NA_S0_Bulk_B_2";"Pf";"NA";"S0";"Bulk";"B";"2";"gold";"black";"orange";"wild";"Bulk";"8";"18";"blue";"15";"Pf_Bulk";"Bulk_S0";"15";"Pf_S0";"Pf_NA";NA;NA
"Ps_10_S2_E";"Ps";"10";"S2";"E";NA;NA;"green";"blue";"purple";"domesticated";"E";"18";"17";"red";"19";"Ps_E";"E_S2";"18";"Ps_S2";"Ps_10";38;"green"
"Ps_10_S2_R";"Ps";"10";"S2";"R";NA;NA;"green";"blue";"green";"domesticated";"R";"15";"17";"red";"19";"Ps_R";"R_S2";"18";"Ps_S2";"Ps_10";38;"green"
"Ps_10_S2_Rp";"Ps";"10";"S2";"Rp";NA;NA;"green";"blue";"blue";"domesticated";"Rp";"17";"17";"red";"19";"Ps_Rp";"Rp_S2";"18";"Ps_S2";"Ps_10";38;"green"
"Ps_13_S3_E";"Ps";"13";"S3";"E";NA;NA;"green";"red";"purple";"domesticated";"E";"18";"17";"red";"19";"Ps_E";"E_S3";"19";"Ps_S3";"Ps_13";48;"green"
"Ps_13_S3_R_2";"Ps";"13";"S3";"R";"2";NA;"green";"red";"green";"domesticated";"R";"15";"17";"red";"19";"Ps_R";"R_S3";"19";"Ps_S3";"Ps_13";48;"green"
"Ps_13_S3_Rp_1";"Ps";"13";"S3";"Rp";"1";NA;"green";"red";"blue";"domesticated";"Rp";"17";"17";"red";"19";"Ps_Rp";"Rp_S3";"19";"Ps_S3";"Ps_13";48;"green"
"Ps_14_S1_E";"Ps";"14";"S1";"E";NA;NA;"green";"green";"purple";"domesticated";"E";"18";"17";"red";"19";"Ps_E";"E_S1";"17";"Ps_S1";"Ps_14";24;"green"
"Ps_14_S1_R";"Ps";"14";"S1";"R";NA;NA;"green";"green";"green";"domesticated";"R";"15";"17";"red";"19";"Ps_R";"R_S1";"17";"Ps_S1";"Ps_14";24;"green"
"Ps_14_S1_Rp";"Ps";"14";"S1";"Rp";NA;NA;"green";"green";"blue";"domesticated";"Rp";"17";"17";"red";"19";"Ps_Rp";"Rp_S1";"17";"Ps_S1";"Ps_14";24;"green"
"Ps_16_S1_E";"Ps";"16";"S1";"E";NA;NA;"green";"green";"purple";"domesticated";"E";"18";"17";"red";"19";"Ps_E";"E_S1";"17";"Ps_S1";"Ps_16";24;"green"
"Ps_16_S1_R";"Ps";"16";"S1";"R";NA;NA;"green";"green";"green";"domesticated";"R";"15";"17";"red";"19";"Ps_R";"R_S1";"17";"Ps_S1";"Ps_16";24;"green"
"Ps_16_S1_Rp";"Ps";"16";"S1";"Rp";NA;NA;"green";"green";"blue";"domesticated";"Rp";"17";"17";"red";"19";"Ps_Rp";"Rp_S1";"17";"Ps_S1";"Ps_16";24;"green"
"Ps_17_S1_E";"Ps";"17";"S1";"E";NA;NA;"green";"green";"purple";"domesticated";"E";"18";"17";"red";"19";"Ps_E";"E_S1";"17";"Ps_S1";"Ps_17";24;"green"
"Ps_17_S1_Rp";"Ps";"17";"S1";"Rp";NA;NA;"green";"green";"blue";"domesticated";"Rp";"17";"17";"red";"19";"Ps_Rp";"Rp_S1";"17";"Ps_S1";"Ps_17";24;"green"
"Ps_19_S2_E";"Ps";"19";"S2";"E";NA;NA;"green";"blue";"purple";"domesticated";"E";"18";"17";"red";"19";"Ps_E";"E_S2";"18";"Ps_S2";"Ps_19";38;"green"
"Ps_19_S2_R";"Ps";"19";"S2";"R";NA;NA;"green";"blue";"green";"domesticated";"R";"15";"17";"red";"19";"Ps_R";"R_S2";"18";"Ps_S2";"Ps_19";38;"green"
"Ps_19_S2_Rp";"Ps";"19";"S2";"Rp";NA;NA;"green";"blue";"blue";"domesticated";"Rp";"17";"17";"red";"19";"Ps_Rp";"Rp_S2";"18";"Ps_S2";"Ps_19";38;"green"
"Ps_20_S1_E";"Ps";"20";"S1";"E";NA;NA;"green";"green";"purple";"domesticated";"E";"18";"17";"red";"19";"Ps_E";"E_S1";"17";"Ps_S1";"Ps_20";24;"green"
"Ps_20_S1_R";"Ps";"20";"S1";"R";NA;NA;"green";"green";"green";"domesticated";"R";"15";"17";"red";"19";"Ps_R";"R_S1";"17";"Ps_S1";"Ps_20";24;"green"
"Ps_20_S1_Rp";"Ps";"20";"S1";"Rp";NA;NA;"green";"green";"blue";"domesticated";"Rp";"17";"17";"red";"19";"Ps_Rp";"Rp_S1";"17";"Ps_S1";"Ps_20";24;"green"
"Ps_21_S3_E";"Ps";"21";"S3";"E";NA;NA;"green";"red";"purple";"domesticated";"E";"18";"17";"red";"19";"Ps_E";"E_S3";"19";"Ps_S3";"Ps_21";48;"green"
"Ps_21_S3_Rp_1";"Ps";"21";"S3";"Rp";"1";NA;"green";"red";"blue";"domesticated";"Rp";"17";"17";"red";"19";"Ps_Rp";"Rp_S3";"19";"Ps_S3";"Ps_21";48;"green"
"Ps_22_S3_E";"Ps";"22";"S3";"E";NA;NA;"green";"red";"purple";"domesticated";"E";"18";"17";"red";"19";"Ps_E";"E_S3";"19";"Ps_S3";"Ps_22";48;"green"
"Ps_22_S3_R";"Ps";"22";"S3";"R";NA;NA;"green";"red";"green";"domesticated";"R";"15";"17";"red";"19";"Ps_R";"R_S3";"19";"Ps_S3";"Ps_22";48;"green"
"Ps_22_S3_Rp";"Ps";"22";"S3";"Rp";NA;NA;"green";"red";"blue";"domesticated";"Rp";"17";"17";"red";"19";"Ps_Rp";"Rp_S3";"19";"Ps_S3";"Ps_22";48;"green"
"Ps_24_S1_E";"Ps";"24";"S1";"E";NA;NA;"green";"green";"purple";"domesticated";"E";"18";"17";"red";"19";"Ps_E";"E_S1";"17";"Ps_S1";"Ps_24";24;"green"
"Ps_24_S1_R";"Ps";"24";"S1";"R";NA;NA;"green";"green";"green";"domesticated";"R";"15";"17";"red";"19";"Ps_R";"R_S1";"17";"Ps_S1";"Ps_24";24;"green"
"Ps_24_S1_Rp";"Ps";"24";"S1";"Rp";NA;NA;"green";"green";"blue";"domesticated";"Rp";"17";"17";"red";"19";"Ps_Rp";"Rp_S1";"17";"Ps_S1";"Ps_24";24;"green"
"Ps_26_S2_E";"Ps";"26";"S2";"E";NA;NA;"green";"blue";"purple";"domesticated";"E";"18";"17";"red";"19";"Ps_E";"E_S2";"18";"Ps_S2";"Ps_26";38;"green"
"Ps_26_S2_R";"Ps";"26";"S2";"R";NA;NA;"green";"blue";"green";"domesticated";"R";"15";"17";"red";"19";"Ps_R";"R_S2";"18";"Ps_S2";"Ps_26";38;"green"
"Ps_26_S2_Rp";"Ps";"26";"S2";"Rp";NA;NA;"green";"blue";"blue";"domesticated";"Rp";"17";"17";"red";"19";"Ps_Rp";"Rp_S2";"18";"Ps_S2";"Ps_26";38;"green"
"Ps_27_S1_R";"Ps";"27";"S1";"R";NA;NA;"green";"green";"green";"domesticated";"R";"15";"17";"red";"19";"Ps_R";"R_S1";"17";"Ps_S1";"Ps_27";38;"green"
"Ps_27_S2_E";"Ps";"27";"S2";"E";NA;NA;"green";"blue";"purple";"domesticated";"E";"18";"17";"red";"19";"Ps_E";"E_S2";"18";"Ps_S2";"Ps_27";38;"green"
"Ps_27_S2_R";"Ps";"27";"S2";"R";NA;NA;"green";"blue";"green";"domesticated";"R";"15";"17";"red";"19";"Ps_R";"R_S2";"18";"Ps_S2";"Ps_27";38;"green"
"Ps_27_S2_Rp";"Ps";"27";"S2";"Rp";NA;NA;"green";"blue";"blue";"domesticated";"Rp";"17";"17";"red";"19";"Ps_Rp";"Rp_S2";"18";"Ps_S2";"Ps_27";38;"green"
"Ps_28_S1_E";"Ps";"28";"S1";"E";NA;NA;"green";"green";"purple";"domesticated";"E";"18";"17";"red";"19";"Ps_E";"E_S1";"17";"Ps_S1";"Ps_28";24;"green"
"Ps_28_S1_R";"Ps";"28";"S1";"R";NA;NA;"green";"green";"green";"domesticated";"R";"15";"17";"red";"19";"Ps_R";"R_S1";"17";"Ps_S1";"Ps_28";24;"green"
"Ps_28_S1_Rp";"Ps";"28";"S1";"Rp";NA;NA;"green";"green";"blue";"domesticated";"Rp";"17";"17";"red";"19";"Ps_Rp";"Rp_S1";"17";"Ps_S1";"Ps_28";24;"green"
"Ps_30_S1_E";"Ps";"30";"S1";"E";NA;NA;"green";"green";"purple";"domesticated";"E";"18";"17";"red";"19";"Ps_E";"E_S1";"17";"Ps_S1";"Ps_30";24;"green"
"Ps_30_S1_R";"Ps";"30";"S1";"R";NA;NA;"green";"green";"green";"domesticated";"R";"15";"17";"red";"19";"Ps_R";"R_S1";"17";"Ps_S1";"Ps_30";24;"green"
"Ps_30_S1_Rp";"Ps";"30";"S1";"Rp";NA;NA;"green";"green";"blue";"domesticated";"Rp";"17";"17";"red";"19";"Ps_Rp";"Rp_S1";"17";"Ps_S1";"Ps_30";24;"green"
"Ps_31_S3_E";"Ps";"31";"S3";"E";NA;NA;"green";"red";"purple";"domesticated";"E";"18";"17";"red";"19";"Ps_E";"E_S3";"19";"Ps_S3";"Ps_31";48;"green"
"Ps_31_S3_R";"Ps";"31";"S3";"R";NA;NA;"green";"red";"green";"domesticated";"R";"15";"17";"red";"19";"Ps_R";"R_S3";"19";"Ps_S3";"Ps_31";48;"green"
"Ps_31_S3_Rp_1";"Ps";"31";"S3";"Rp";"1";NA;"green";"red";"blue";"domesticated";"Rp";"17";"17";"red";"19";"Ps_Rp";"Rp_S3";"19";"Ps_S3";"Ps_31";48;"green"
"Ps_33_S3_E";"Ps";"33";"S3";"E";NA;NA;"green";"red";"purple";"domesticated";"E";"18";"17";"red";"19";"Ps_E";"E_S3";"19";"Ps_S3";"Ps_33";48;"green"
"Ps_33_S3_R";"Ps";"33";"S3";"R";NA;NA;"green";"red";"green";"domesticated";"R";"15";"17";"red";"19";"Ps_R";"R_S3";"19";"Ps_S3";"Ps_33";48;"green"
"Ps_33_S3_Rp_1";"Ps";"33";"S3";"Rp";"1";NA;"green";"red";"blue";"domesticated";"Rp";"17";"17";"red";"19";"Ps_Rp";"Rp_S3";"19";"Ps_S3";"Ps_33";48;"green"
"Ps_35_S2_E";"Ps";"35";"S2";"E";NA;NA;"green";"blue";"purple";"domesticated";"E";"18";"17";"red";"19";"Ps_E";"E_S2";"18";"Ps_S2";"Ps_35";38;"green"
"Ps_35_S2_R";"Ps";"35";"S2";"R";NA;NA;"green";"blue";"green";"domesticated";"R";"15";"17";"red";"19";"Ps_R";"R_S2";"18";"Ps_S2";"Ps_35";38;"green"
"Ps_35_S2_Rp";"Ps";"35";"S2";"Rp";NA;NA;"green";"blue";"blue";"domesticated";"Rp";"17";"17";"red";"19";"Ps_Rp";"Rp_S2";"18";"Ps_S2";"Ps_35";38;"green"
"Ps_4_S2_E";"Ps";"4";"S2";"E";NA;NA;"green";"blue";"purple";"domesticated";"E";"18";"17";"red";"19";"Ps_E";"E_S2";"18";"Ps_S2";"Ps_4";38;"green"
"Ps_4_S2_R";"Ps";"4";"S2";"R";NA;NA;"green";"blue";"green";"domesticated";"R";"15";"17";"red";"19";"Ps_R";"R_S2";"18";"Ps_S2";"Ps_4";38;"green"
"Ps_4_S2_Rp";"Ps";"4";"S2";"Rp";NA;NA;"green";"blue";"blue";"domesticated";"Rp";"17";"17";"red";"19";"Ps_Rp";"Rp_S2";"18";"Ps_S2";"Ps_4";38;"green"
"Ps_5_S2_E";"Ps";"5";"S2";"E";NA;NA;"green";"blue";"purple";"domesticated";"E";"18";"17";"red";"19";"Ps_E";"E_S2";"18";"Ps_S2";"Ps_5";38;"green"
"Ps_5_S2_R";"Ps";"5";"S2";"R";NA;NA;"green";"blue";"green";"domesticated";"R";"15";"17";"red";"19";"Ps_R";"R_S2";"18";"Ps_S2";"Ps_5";38;"green"
"Ps_5_S2_Rp";"Ps";"5";"S2";"Rp";NA;NA;"green";"blue";"blue";"domesticated";"Rp";"17";"17";"red";"19";"Ps_Rp";"Rp_S2";"18";"Ps_S2";"Ps_5";38;"green"
"Ps_7_S3_E";"Ps";"7";"S3";"E";NA;NA;"green";"red";"purple";"domesticated";"E";"18";"17";"red";"19";"Ps_E";"E_S3";"19";"Ps_S3";"Ps_7";48;"green"
"Ps_7_S3_R";"Ps";"7";"S3";"R";NA;NA;"green";"red";"green";"domesticated";"R";"15";"17";"red";"19";"Ps_R";"R_S3";"19";"Ps_S3";"Ps_7";48;"green"
"Ps_7_S3_Rp_1";"Ps";"7";"S3";"Rp";"1";NA;"green";"red";"blue";"domesticated";"Rp";"17";"17";"red";"19";"Ps_Rp";"Rp_S3";"19";"Ps_S3";"Ps_7";48;"green"
"Ps_8_S3_E";"Ps";"8";"S3";"E";NA;NA;"green";"red";"purple";"domesticated";"E";"18";"17";"red";"19";"Ps_E";"E_S3";"19";"Ps_S3";"Ps_8";48;"green"
"Ps_8_S3_R";"Ps";"8";"S3";"R";NA;NA;"green";"red";"green";"domesticated";"R";"15";"17";"red";"19";"Ps_R";"R_S3";"19";"Ps_S3";"Ps_8";48;"green"
"Ps_8_S3_Rp_1";"Ps";"8";"S3";"Rp";"1";NA;"green";"red";"blue";"domesticated";"Rp";"17";"17";"red";"19";"Ps_Rp";"Rp_S3";"19";"Ps_S3";"Ps_8";48;"green"
"Ps_NA_S2_Bulk_A";"Ps";"NA";"S2";"Bulk";"A";NA;"green";"blue";"orange";"domesticated";"Bulk";"8";"17";"red";"19";"Ps_Bulk";"Bulk_S2";"18";"Ps_S2";"Ps_NA";NA;"green"
"Ps_NA_S3_Bulk_A";"Ps";"NA";"S3";"Bulk";"A";NA;"green";"red";"orange";"domesticated";"Bulk";"8";"17";"red";"19";"Ps_Bulk";"Bulk_S3";"19";"Ps_S3";"Ps_NA";NA;"green"
"Ps_NA_S1_Bulk_B";"Ps";"NA";"S1";"Bulk";"B";NA;"green";"green";"orange";"domesticated";"Bulk";"8";"17";"red";"19";"Ps_Bulk";"Bulk_S1";"17";"Ps_S1";"Ps_NA";NA;"green"
"Ps_NA_S2_Bulk_B";"Ps";"NA";"S2";"Bulk";"B";NA;"green";"blue";"orange";"domesticated";"Bulk";"8";"17";"red";"19";"Ps_Bulk";"Bulk_S2";"18";"Ps_S2";"Ps_NA";NA;"green"
"Ps_NA_S1_Bulk_A_2";"Ps";"NA";"S1";"Bulk";"A";"2";"green";"green";"orange";"domesticated";"Bulk";"8";"17";"red";"19";"Ps_Bulk";"Bulk_S1";"17";"Ps_S1";"Ps_NA";NA;"green"
"Ps_NA_S3_Bulk_B_2";"Ps";"NA";"S3";"Bulk";"B";"2";"green";"red";"orange";"domesticated";"Bulk";"8";"17";"red";"19";"Ps_Bulk";"Bulk_S3";"19";"Ps_S3";"Ps_NA";NA;"green"
"Ps_NA_S0_Bulk_A_2";"Ps";"NA";"S0";"Bulk";"A";"2";"green";"black";"orange";"domesticated";"Bulk";"8";"17";"red";"19";"Ps_Bulk";"Bulk_S0";"15";"Ps_S0";"Ps_NA";NA;NA
"Ps_NA_S0_Bulk_B_2";"Ps";"NA";"S0";"Bulk";"B";"2";"green";"black";"orange";"domesticated";"Bulk";"8";"17";"red";"19";"Ps_Bulk";"Bulk_S0";"15";"Ps_S0";"Ps_NA";NA;NA
